<addon id="plugin.video.canalesJM"
       name="canalesJM"
       version="1.0.0"
       provider-name="Juanma">
    <extension point="xbmc.python.pluginsource" library="main.py">
        <provides>video</provides>
    </extension>
    <extension point="xbmc.addon.metadata">
        <summary>Plugin para lista canales</summary>
        <description>Este plugin carga una lista m3u desde una URL y muestra accesos a cada canal en Kodi.</description>
        <platform>all</platform>
        <language>es</language>
    </extension>
</addon>
