<addon id="plugin.video.canalesJM" version="3.0.1" name="canalesJM" provider-name="Juanma">
  <requires>
    <import addon="xbmc.python" version="3.0.0" />
  </requires>
  <extension point="xbmc.python.pluginsource" library="main.py">
    <provides>video</provides>
  </extension>
  <extension point="xbmc.addon.metadata">
    <summary lang="es">Plugin con canales varios</summary>
    <description lang="es">Plugin que muestra diversos canales.</description>
    <assets>
      <icon>resources/icon.png</icon>
    </assets>
  </extension>
</addon>
